Domain Code,Domain,Area Code,Area,Element Code,Element,Item Code,Item,Year Code,Year,Unit,Value,Flag,Flag Description
"QD","Crops processed","226","Uganda","5510","Production","51","Beer of barley","1961","1961","tonnes","13000","F","FAO estimate"
"QD","Crops processed","226","Uganda","5510","Production","51","Beer of barley","1962","1962","tonnes","11200","F","FAO estimate"
"QD","Crops processed","226","Uganda","5510","Production","51","Beer of barley","1963","1963","tonnes","11600","F","FAO estimate"
"QD","Crops processed","226","Uganda","5510","Production","51","Beer of barley","1964","1964","tonnes","12000","F","FAO estimate"
"QD","Crops processed","226","Uganda","5510","Production","51","Beer of barley","1965","1965","tonnes","19900","F","FAO estimate"
"QD","Crops processed","226","Uganda","5510","Production","51","Beer of barley","1966","1966","tonnes","21700","","Official data"
"QD","Crops processed","226","Uganda","5510","Production","51","Beer of barley","1967","1967","tonnes","22000","","Official data"
"QD","Crops processed","226","Uganda","5510","Production","51","Beer of barley","1968","1968","tonnes","19800","","Official data"
"QD","Crops processed","226","Uganda","5510","Production","51","Beer of barley","1969","1969","tonnes","21000","","Official data"
"QD","Crops processed","226","Uganda","5510","Production","51","Beer of barley","1970","1970","tonnes","27767","","Official data"
"QD","Crops processed","226","Uganda","5510","Production","51","Beer of barley","1971","1971","tonnes","34962","","Official data"
"QD","Crops processed","226","Uganda","5510","Production","51","Beer of barley","1972","1972","tonnes","37962","","Official data"
"QD","Crops processed","226","Uganda","5510","Production","51","Beer of barley","1973","1973","tonnes","45493","","Official data"
"QD","Crops processed","226","Uganda","5510","Production","51","Beer of barley","1974","1974","tonnes","43487","","Official data"
"QD","Crops processed","226","Uganda","5510","Production","51","Beer of barley","1975","1975","tonnes","38784","","Official data"
"QD","Crops processed","226","Uganda","5510","Production","51","Beer of barley","1976","1976","tonnes","23346","","Official data"
"QD","Crops processed","226","Uganda","5510","Production","51","Beer of barley","1977","1977","tonnes","22055","","Official data"
"QD","Crops processed","226","Uganda","5510","Production","51","Beer of barley","1978","1978","tonnes","22491","","Official data"
"QD","Crops processed","226","Uganda","5510","Production","51","Beer of barley","1979","1979","tonnes","9823","","Official data"
"QD","Crops processed","226","Uganda","5510","Production","51","Beer of barley","1980","1980","tonnes","12160","","Official data"
"QD","Crops processed","226","Uganda","5510","Production","51","Beer of barley","1981","1981","tonnes","6082","","Official data"
"QD","Crops processed","226","Uganda","5510","Production","51","Beer of barley","1982","1982","tonnes","9787","","Official data"
"QD","Crops processed","226","Uganda","5510","Production","51","Beer of barley","1983","1983","tonnes","14206","","Official data"
"QD","Crops processed","226","Uganda","5510","Production","51","Beer of barley","1984","1984","tonnes","14817","","Official data"
"QD","Crops processed","226","Uganda","5510","Production","51","Beer of barley","1985","1985","tonnes","8184","","Official data"
"QD","Crops processed","226","Uganda","5510","Production","51","Beer of barley","1986","1986","tonnes","6864","","Official data"
"QD","Crops processed","226","Uganda","5510","Production","51","Beer of barley","1987","1987","tonnes","16881","","Official data"
"QD","Crops processed","226","Uganda","5510","Production","51","Beer of barley","1988","1988","tonnes","21493","","Official data"
"QD","Crops processed","226","Uganda","5510","Production","51","Beer of barley","1989","1989","tonnes","19516","","Official data"
"QD","Crops processed","226","Uganda","5510","Production","51","Beer of barley","1990","1990","tonnes","19421","","Official data"
"QD","Crops processed","226","Uganda","5510","Production","51","Beer of barley","1991","1991","tonnes","19529","","Official data"
"QD","Crops processed","226","Uganda","5510","Production","51","Beer of barley","1992","1992","tonnes","18718","","Official data"
"QD","Crops processed","226","Uganda","5510","Production","51","Beer of barley","1993","1993","tonnes","23881","","Official data"
"QD","Crops processed","226","Uganda","5510","Production","51","Beer of barley","1994","1994","tonnes","30806","","Official data"
"QD","Crops processed","226","Uganda","5510","Production","51","Beer of barley","1995","1995","tonnes","51238","","Official data"
"QD","Crops processed","226","Uganda","5510","Production","51","Beer of barley","1996","1996","tonnes","64158","","Official data"
"QD","Crops processed","226","Uganda","5510","Production","51","Beer of barley","1997","1997","tonnes","89639","","Official data"
"QD","Crops processed","226","Uganda","5510","Production","51","Beer of barley","1998","1998","tonnes","110469","","Official data"
"QD","Crops processed","226","Uganda","5510","Production","51","Beer of barley","1999","1999","tonnes","117845","","Official data"
"QD","Crops processed","226","Uganda","5510","Production","51","Beer of barley","2000","2000","tonnes","108000","F","FAO estimate"
"QD","Crops processed","226","Uganda","5510","Production","51","Beer of barley","2001","2001","tonnes","125000","*","Unofficial figure"
"QD","Crops processed","226","Uganda","5510","Production","51","Beer of barley","2002","2002","tonnes","113700","*","Unofficial figure"
"QD","Crops processed","226","Uganda","5510","Production","51","Beer of barley","2003","2003","tonnes","109800","*","Unofficial figure"
"QD","Crops processed","226","Uganda","5510","Production","51","Beer of barley","2004","2004","tonnes","120000","*","Unofficial figure"
"QD","Crops processed","226","Uganda","5510","Production","51","Beer of barley","2005","2005","tonnes","144400","*","Unofficial figure"
"QD","Crops processed","226","Uganda","5510","Production","51","Beer of barley","2006","2006","tonnes","155100","*","Unofficial figure"
"QD","Crops processed","226","Uganda","5510","Production","51","Beer of barley","2007","2007","tonnes","172500","*","Unofficial figure"
"QD","Crops processed","226","Uganda","5510","Production","51","Beer of barley","2008","2008","tonnes","190400","*","Unofficial figure"
"QD","Crops processed","226","Uganda","5510","Production","51","Beer of barley","2009","2009","tonnes","191000","*","Unofficial figure"
"QD","Crops processed","226","Uganda","5510","Production","51","Beer of barley","2010","2010","tonnes","263500","","Official data"
"QD","Crops processed","226","Uganda","5510","Production","51","Beer of barley","2011","2011","tonnes","302000","*","Unofficial figure"
"QD","Crops processed","226","Uganda","5510","Production","51","Beer of barley","2012","2012","tonnes","354600","*","Unofficial figure"
"QD","Crops processed","226","Uganda","5510","Production","51","Beer of barley","2013","2013","tonnes","315000","*","Unofficial figure"
"QD","Crops processed","226","Uganda","5510","Production","51","Beer of barley","2014","2014","tonnes","347000","*","Unofficial figure"
"QD","Crops processed","226","Uganda","5510","Production","767","Cotton lint","1961","1961","tonnes","67131","","Official data"
"QD","Crops processed","226","Uganda","5510","Production","767","Cotton lint","1962","1962","tonnes","33700","","Official data"
"QD","Crops processed","226","Uganda","5510","Production","767","Cotton lint","1963","1963","tonnes","65136","","Official data"
"QD","Crops processed","226","Uganda","5510","Production","767","Cotton lint","1964","1964","tonnes","68840","","Official data"
"QD","Crops processed","226","Uganda","5510","Production","767","Cotton lint","1965","1965","tonnes","79258","","Official data"
"QD","Crops processed","226","Uganda","5510","Production","767","Cotton lint","1966","1966","tonnes","80639","","Official data"
"QD","Crops processed","226","Uganda","5510","Production","767","Cotton lint","1967","1967","tonnes","78000","*","Unofficial figure"
"QD","Crops processed","226","Uganda","5510","Production","767","Cotton lint","1968","1968","tonnes","62560","*","Unofficial figure"
"QD","Crops processed","226","Uganda","5510","Production","767","Cotton lint","1969","1969","tonnes","76727","","Official data"
"QD","Crops processed","226","Uganda","5510","Production","767","Cotton lint","1970","1970","tonnes","86400","","Official data"
"QD","Crops processed","226","Uganda","5510","Production","767","Cotton lint","1971","1971","tonnes","76400","","Official data"
"QD","Crops processed","226","Uganda","5510","Production","767","Cotton lint","1972","1972","tonnes","76000","","Official data"
"QD","Crops processed","226","Uganda","5510","Production","767","Cotton lint","1973","1973","tonnes","79400","","Official data"
"QD","Crops processed","226","Uganda","5510","Production","767","Cotton lint","1974","1974","tonnes","50000","","Official data"
"QD","Crops processed","226","Uganda","5510","Production","767","Cotton lint","1975","1975","tonnes","31900","","Official data"
"QD","Crops processed","226","Uganda","5510","Production","767","Cotton lint","1976","1976","tonnes","24700","","Official data"
"QD","Crops processed","226","Uganda","5510","Production","767","Cotton lint","1977","1977","tonnes","13800","","Official data"
"QD","Crops processed","226","Uganda","5510","Production","767","Cotton lint","1978","1978","tonnes","20400","","Official data"
"QD","Crops processed","226","Uganda","5510","Production","767","Cotton lint","1979","1979","tonnes","6100","","Official data"
"QD","Crops processed","226","Uganda","5510","Production","767","Cotton lint","1980","1980","tonnes","4100","","Official data"
"QD","Crops processed","226","Uganda","5510","Production","767","Cotton lint","1981","1981","tonnes","5100","","Official data"
"QD","Crops processed","226","Uganda","5510","Production","767","Cotton lint","1982","1982","tonnes","5100","","Official data"
"QD","Crops processed","226","Uganda","5510","Production","767","Cotton lint","1983","1983","tonnes","10000","","Official data"
"QD","Crops processed","226","Uganda","5510","Production","767","Cotton lint","1984","1984","tonnes","12200","","Official data"
"QD","Crops processed","226","Uganda","5510","Production","767","Cotton lint","1985","1985","tonnes","16579","","Official data"
"QD","Crops processed","226","Uganda","5510","Production","767","Cotton lint","1986","1986","tonnes","8900","","Official data"
"QD","Crops processed","226","Uganda","5510","Production","767","Cotton lint","1987","1987","tonnes","5800","","Official data"
"QD","Crops processed","226","Uganda","5510","Production","767","Cotton lint","1988","1988","tonnes","5000","","Official data"
"QD","Crops processed","226","Uganda","5510","Production","767","Cotton lint","1989","1989","tonnes","4800","","Official data"
"QD","Crops processed","226","Uganda","5510","Production","767","Cotton lint","1990","1990","tonnes","5900","","Official data"
"QD","Crops processed","226","Uganda","5510","Production","767","Cotton lint","1991","1991","tonnes","8212","","Official data"
"QD","Crops processed","226","Uganda","5510","Production","767","Cotton lint","1992","1992","tonnes","6819","","Official data"
"QD","Crops processed","226","Uganda","5510","Production","767","Cotton lint","1993","1993","tonnes","11111","*","Unofficial figure"
"QD","Crops processed","226","Uganda","5510","Production","767","Cotton lint","1994","1994","tonnes","11563","","Official data"
"QD","Crops processed","226","Uganda","5510","Production","767","Cotton lint","1995","1995","tonnes","11870","","Official data"
"QD","Crops processed","226","Uganda","5510","Production","767","Cotton lint","1996","1996","tonnes","17418","*","Unofficial figure"
"QD","Crops processed","226","Uganda","5510","Production","767","Cotton lint","1997","1997","tonnes","11500","*","Unofficial figure"
"QD","Crops processed","226","Uganda","5510","Production","767","Cotton lint","1998","1998","tonnes","15170","","Official data"
"QD","Crops processed","226","Uganda","5510","Production","767","Cotton lint","1999","1999","tonnes","14482","","Official data"
"QD","Crops processed","226","Uganda","5510","Production","767","Cotton lint","2000","2000","tonnes","21290","","Official data"
"QD","Crops processed","226","Uganda","5510","Production","767","Cotton lint","2001","2001","tonnes","12767","","Official data"
"QD","Crops processed","226","Uganda","5510","Production","767","Cotton lint","2002","2002","tonnes","22200","","Official data"
"QD","Crops processed","226","Uganda","5510","Production","767","Cotton lint","2003","2003","tonnes","20000","*","Unofficial figure"
"QD","Crops processed","226","Uganda","5510","Production","767","Cotton lint","2004","2004","tonnes","25000","F","FAO estimate"
"QD","Crops processed","226","Uganda","5510","Production","767","Cotton lint","2005","2005","tonnes","20000","F","FAO estimate"
"QD","Crops processed","226","Uganda","5510","Production","767","Cotton lint","2006","2006","tonnes","25500","F","FAO estimate"
"QD","Crops processed","226","Uganda","5510","Production","767","Cotton lint","2007","2007","tonnes","12800","F","FAO estimate"
"QD","Crops processed","226","Uganda","5510","Production","767","Cotton lint","2008","2008","tonnes","23182","","Official data"
"QD","Crops processed","226","Uganda","5510","Production","767","Cotton lint","2009","2009","tonnes","12950","","Official data"
"QD","Crops processed","226","Uganda","5510","Production","767","Cotton lint","2010","2010","tonnes","25768","","Official data"
"QD","Crops processed","226","Uganda","5510","Production","767","Cotton lint","2011","2011","tonnes","47577","","Official data"
"QD","Crops processed","226","Uganda","5510","Production","767","Cotton lint","2012","2012","tonnes","18406","","Official data"
"QD","Crops processed","226","Uganda","5510","Production","767","Cotton lint","2013","2013","tonnes","16500","F","FAO estimate"
"QD","Crops processed","226","Uganda","5510","Production","767","Cotton lint","2014","2014","tonnes","26600","F","FAO estimate"
"QD","Crops processed","226","Uganda","5510","Production","329","Cottonseed","1961","1961","tonnes","148000","","Official data"
"QD","Crops processed","226","Uganda","5510","Production","329","Cottonseed","1962","1962","tonnes","72000","","Official data"
"QD","Crops processed","226","Uganda","5510","Production","329","Cottonseed","1963","1963","tonnes","143299","","Official data"
"QD","Crops processed","226","Uganda","5510","Production","329","Cottonseed","1964","1964","tonnes","151448","","Official data"
"QD","Crops processed","226","Uganda","5510","Production","329","Cottonseed","1965","1965","tonnes","174368","","Official data"
"QD","Crops processed","226","Uganda","5510","Production","329","Cottonseed","1966","1966","tonnes","177406","","Official data"
"QD","Crops processed","226","Uganda","5510","Production","329","Cottonseed","1967","1967","tonnes","179000","","Official data"
"QD","Crops processed","226","Uganda","5510","Production","329","Cottonseed","1968","1968","tonnes","137630","","Official data"
"QD","Crops processed","226","Uganda","5510","Production","329","Cottonseed","1969","1969","tonnes","168800","","Official data"
"QD","Crops processed","226","Uganda","5510","Production","329","Cottonseed","1970","1970","tonnes","190080","","Official data"
"QD","Crops processed","226","Uganda","5510","Production","329","Cottonseed","1971","1971","tonnes","168080","","Official data"
"QD","Crops processed","226","Uganda","5510","Production","329","Cottonseed","1972","1972","tonnes","167200","","Official data"
"QD","Crops processed","226","Uganda","5510","Production","329","Cottonseed","1973","1973","tonnes","174680","","Official data"
"QD","Crops processed","226","Uganda","5510","Production","329","Cottonseed","1974","1974","tonnes","110000","","Official data"
"QD","Crops processed","226","Uganda","5510","Production","329","Cottonseed","1975","1975","tonnes","70180","","Official data"
"QD","Crops processed","226","Uganda","5510","Production","329","Cottonseed","1976","1976","tonnes","54340","","Official data"
"QD","Crops processed","226","Uganda","5510","Production","329","Cottonseed","1977","1977","tonnes","30360","","Official data"
"QD","Crops processed","226","Uganda","5510","Production","329","Cottonseed","1978","1978","tonnes","44440","","Official data"
"QD","Crops processed","226","Uganda","5510","Production","329","Cottonseed","1979","1979","tonnes","13420","","Official data"
"QD","Crops processed","226","Uganda","5510","Production","329","Cottonseed","1980","1980","tonnes","9020","","Official data"
"QD","Crops processed","226","Uganda","5510","Production","329","Cottonseed","1981","1981","tonnes","11220","","Official data"
"QD","Crops processed","226","Uganda","5510","Production","329","Cottonseed","1982","1982","tonnes","11220","","Official data"
"QD","Crops processed","226","Uganda","5510","Production","329","Cottonseed","1983","1983","tonnes","21560","","Official data"
"QD","Crops processed","226","Uganda","5510","Production","329","Cottonseed","1984","1984","tonnes","25100","*","Unofficial figure"
"QD","Crops processed","226","Uganda","5510","Production","329","Cottonseed","1985","1985","tonnes","34500","*","Unofficial figure"
"QD","Crops processed","226","Uganda","5510","Production","329","Cottonseed","1986","1986","tonnes","19400","*","Unofficial figure"
"QD","Crops processed","226","Uganda","5510","Production","329","Cottonseed","1987","1987","tonnes","12700","*","Unofficial figure"
"QD","Crops processed","226","Uganda","5510","Production","329","Cottonseed","1988","1988","tonnes","10900","*","Unofficial figure"
"QD","Crops processed","226","Uganda","5510","Production","329","Cottonseed","1989","1989","tonnes","10500","*","Unofficial figure"
"QD","Crops processed","226","Uganda","5510","Production","329","Cottonseed","1990","1990","tonnes","12900","*","Unofficial figure"
"QD","Crops processed","226","Uganda","5510","Production","329","Cottonseed","1991","1991","tonnes","18000","*","Unofficial figure"
"QD","Crops processed","226","Uganda","5510","Production","329","Cottonseed","1992","1992","tonnes","14900","*","Unofficial figure"
"QD","Crops processed","226","Uganda","5510","Production","329","Cottonseed","1993","1993","tonnes","24300","*","Unofficial figure"
"QD","Crops processed","226","Uganda","5510","Production","329","Cottonseed","1994","1994","tonnes","25300","*","Unofficial figure"
"QD","Crops processed","226","Uganda","5510","Production","329","Cottonseed","1995","1995","tonnes","26000","*","Unofficial figure"
"QD","Crops processed","226","Uganda","5510","Production","329","Cottonseed","1996","1996","tonnes","36000","*","Unofficial figure"
"QD","Crops processed","226","Uganda","5510","Production","329","Cottonseed","1997","1997","tonnes","25000","*","Unofficial figure"
"QD","Crops processed","226","Uganda","5510","Production","329","Cottonseed","1998","1998","tonnes","29315","","Official data"
"QD","Crops processed","226","Uganda","5510","Production","329","Cottonseed","1999","1999","tonnes","43500","*","Unofficial figure"
"QD","Crops processed","226","Uganda","5510","Production","329","Cottonseed","2000","2000","tonnes","50000","*","Unofficial figure"
"QD","Crops processed","226","Uganda","5510","Production","329","Cottonseed","2001","2001","tonnes","40000","*","Unofficial figure"
"QD","Crops processed","226","Uganda","5510","Production","329","Cottonseed","2002","2002","tonnes","38000","*","Unofficial figure"
"QD","Crops processed","226","Uganda","5510","Production","329","Cottonseed","2003","2003","tonnes","54000","*","Unofficial figure"
"QD","Crops processed","226","Uganda","5510","Production","329","Cottonseed","2004","2004","tonnes","48000","*","Unofficial figure"
"QD","Crops processed","226","Uganda","5510","Production","329","Cottonseed","2005","2005","tonnes","38000","*","Unofficial figure"
"QD","Crops processed","226","Uganda","5510","Production","329","Cottonseed","2006","2006","tonnes","48000","*","Unofficial figure"
"QD","Crops processed","226","Uganda","5510","Production","329","Cottonseed","2007","2007","tonnes","24000","*","Unofficial figure"
"QD","Crops processed","226","Uganda","5510","Production","329","Cottonseed","2008","2008","tonnes","45000","*","Unofficial figure"
"QD","Crops processed","226","Uganda","5510","Production","329","Cottonseed","2009","2009","tonnes","32000","*","Unofficial figure"
"QD","Crops processed","226","Uganda","5510","Production","329","Cottonseed","2010","2010","tonnes","50091","","Official data"
"QD","Crops processed","226","Uganda","5510","Production","329","Cottonseed","2011","2011","tonnes","86626","","Official data"
"QD","Crops processed","226","Uganda","5510","Production","329","Cottonseed","2012","2012","tonnes","32296","","Official data"
"QD","Crops processed","226","Uganda","5510","Production","329","Cottonseed","2013","2013","tonnes","30000","*","Unofficial figure"
"QD","Crops processed","226","Uganda","5510","Production","329","Cottonseed","2014","2014","tonnes","46000","*","Unofficial figure"
"QD","Crops processed","226","Uganda","5510","Production","165","Molasses","1961","1961","tonnes","56300","F","FAO estimate"
"QD","Crops processed","226","Uganda","5510","Production","165","Molasses","1962","1962","tonnes","60500","F","FAO estimate"
"QD","Crops processed","226","Uganda","5510","Production","165","Molasses","1963","1963","tonnes","71000","F","FAO estimate"
"QD","Crops processed","226","Uganda","5510","Production","165","Molasses","1964","1964","tonnes","72000","F","FAO estimate"
"QD","Crops processed","226","Uganda","5510","Production","165","Molasses","1965","1965","tonnes","68000","F","FAO estimate"
"QD","Crops processed","226","Uganda","5510","Production","165","Molasses","1966","1966","tonnes","73500","F","FAO estimate"
"QD","Crops processed","226","Uganda","5510","Production","165","Molasses","1967","1967","tonnes","75500","F","FAO estimate"
"QD","Crops processed","226","Uganda","5510","Production","165","Molasses","1968","1968","tonnes","77000","F","FAO estimate"
"QD","Crops processed","226","Uganda","5510","Production","165","Molasses","1969","1969","tonnes","75500","F","FAO estimate"
"QD","Crops processed","226","Uganda","5510","Production","165","Molasses","1970","1970","tonnes","78000","F","FAO estimate"
"QD","Crops processed","226","Uganda","5510","Production","165","Molasses","1971","1971","tonnes","75000","F","FAO estimate"
"QD","Crops processed","226","Uganda","5510","Production","165","Molasses","1972","1972","tonnes","70000","F","FAO estimate"
"QD","Crops processed","226","Uganda","5510","Production","165","Molasses","1973","1973","tonnes","43500","F","FAO estimate"
"QD","Crops processed","226","Uganda","5510","Production","165","Molasses","1974","1974","tonnes","33960","F","FAO estimate"
"QD","Crops processed","226","Uganda","5510","Production","165","Molasses","1975","1975","tonnes","16000","F","FAO estimate"
"QD","Crops processed","226","Uganda","5510","Production","165","Molasses","1976","1976","tonnes","12200","F","FAO estimate"
"QD","Crops processed","226","Uganda","5510","Production","165","Molasses","1977","1977","tonnes","14000","*","Unofficial figure"
"QD","Crops processed","226","Uganda","5510","Production","165","Molasses","1978","1978","tonnes","10000","*","Unofficial figure"
"QD","Crops processed","226","Uganda","5510","Production","165","Molasses","1979","1979","tonnes","1000","*","Unofficial figure"
"QD","Crops processed","226","Uganda","5510","Production","165","Molasses","1980","1980","tonnes","2000","*","Unofficial figure"
"QD","Crops processed","226","Uganda","5510","Production","165","Molasses","1981","1981","tonnes","1000","*","Unofficial figure"
"QD","Crops processed","226","Uganda","5510","Production","165","Molasses","1982","1982","tonnes","1000","*","Unofficial figure"
"QD","Crops processed","226","Uganda","5510","Production","165","Molasses","1983","1983","tonnes","1000","*","Unofficial figure"
"QD","Crops processed","226","Uganda","5510","Production","165","Molasses","1984","1984","tonnes","1000","*","Unofficial figure"
"QD","Crops processed","226","Uganda","5510","Production","165","Molasses","1985","1985","tonnes","1000","*","Unofficial figure"
"QD","Crops processed","226","Uganda","5510","Production","165","Molasses","1986","1986","tonnes","1000","*","Unofficial figure"
"QD","Crops processed","226","Uganda","5510","Production","165","Molasses","1987","1987","tonnes","1000","*","Unofficial figure"
"QD","Crops processed","226","Uganda","5510","Production","165","Molasses","1988","1988","tonnes","5000","*","Unofficial figure"
"QD","Crops processed","226","Uganda","5510","Production","165","Molasses","1989","1989","tonnes","7000","*","Unofficial figure"
"QD","Crops processed","226","Uganda","5510","Production","165","Molasses","1990","1990","tonnes","9000","*","Unofficial figure"
"QD","Crops processed","226","Uganda","5510","Production","165","Molasses","1991","1991","tonnes","17000","*","Unofficial figure"
"QD","Crops processed","226","Uganda","5510","Production","165","Molasses","1992","1992","tonnes","18000","*","Unofficial figure"
"QD","Crops processed","226","Uganda","5510","Production","165","Molasses","1993","1993","tonnes","14000","*","Unofficial figure"
"QD","Crops processed","226","Uganda","5510","Production","165","Molasses","1994","1994","tonnes","10000","*","Unofficial figure"
"QD","Crops processed","226","Uganda","5510","Production","165","Molasses","1995","1995","tonnes","22000","*","Unofficial figure"
"QD","Crops processed","226","Uganda","5510","Production","165","Molasses","1996","1996","tonnes","36000","*","Unofficial figure"
"QD","Crops processed","226","Uganda","5510","Production","165","Molasses","1997","1997","tonnes","54000","*","Unofficial figure"
"QD","Crops processed","226","Uganda","5510","Production","165","Molasses","1998","1998","tonnes","45000","*","Unofficial figure"
"QD","Crops processed","226","Uganda","5510","Production","165","Molasses","1999","1999","tonnes","52000","*","Unofficial figure"
"QD","Crops processed","226","Uganda","5510","Production","165","Molasses","2000","2000","tonnes","55000","*","Unofficial figure"
"QD","Crops processed","226","Uganda","5510","Production","165","Molasses","2001","2001","tonnes","53000","*","Unofficial figure"
"QD","Crops processed","226","Uganda","5510","Production","165","Molasses","2002","2002","tonnes","65000","*","Unofficial figure"
"QD","Crops processed","226","Uganda","5510","Production","165","Molasses","2003","2003","tonnes","65000","*","Unofficial figure"
"QD","Crops processed","226","Uganda","5510","Production","165","Molasses","2004","2004","tonnes","74000","*","Unofficial figure"
"QD","Crops processed","226","Uganda","5510","Production","165","Molasses","2005","2005","tonnes","82000","*","Unofficial figure"
"QD","Crops processed","226","Uganda","5510","Production","165","Molasses","2006","2006","tonnes","93000","*","Unofficial figure"
"QD","Crops processed","226","Uganda","5510","Production","165","Molasses","2007","2007","tonnes","92000","*","Unofficial figure"
"QD","Crops processed","226","Uganda","5510","Production","165","Molasses","2008","2008","tonnes","98000","*","Unofficial figure"
"QD","Crops processed","226","Uganda","5510","Production","165","Molasses","2009","2009","tonnes","100000","*","Unofficial figure"
"QD","Crops processed","226","Uganda","5510","Production","165","Molasses","2010","2010","tonnes","112000","*","Unofficial figure"
"QD","Crops processed","226","Uganda","5510","Production","165","Molasses","2011","2011","tonnes","102000","*","Unofficial figure"
"QD","Crops processed","226","Uganda","5510","Production","165","Molasses","2012","2012","tonnes","128000","*","Unofficial figure"
"QD","Crops processed","226","Uganda","5510","Production","165","Molasses","2013","2013","tonnes","135000","*","Unofficial figure"
"QD","Crops processed","226","Uganda","5510","Production","165","Molasses","2014","2014","tonnes","135000","Im","FAO data based on imputation methodology"
"QD","Crops processed","226","Uganda","5510","Production","331","Oil, cottonseed","1961","1961","tonnes","16022","Fc","Calculated data"
"QD","Crops processed","226","Uganda","5510","Production","331","Oil, cottonseed","1962","1962","tonnes","6705","Fc","Calculated data"
"QD","Crops processed","226","Uganda","5510","Production","331","Oil, cottonseed","1963","1963","tonnes","15092","Fc","Calculated data"
"QD","Crops processed","226","Uganda","5510","Production","331","Oil, cottonseed","1964","1964","tonnes","15996","Fc","Calculated data"
"QD","Crops processed","226","Uganda","5510","Production","331","Oil, cottonseed","1965","1965","tonnes","18812","Fc","Calculated data"
"QD","Crops processed","226","Uganda","5510","Production","331","Oil, cottonseed","1966","1966","tonnes","18971","Fc","Calculated data"
"QD","Crops processed","226","Uganda","5510","Production","331","Oil, cottonseed","1967","1967","tonnes","19365","Fc","Calculated data"
"QD","Crops processed","226","Uganda","5510","Production","331","Oil, cottonseed","1968","1968","tonnes","14239","Fc","Calculated data"
"QD","Crops processed","226","Uganda","5510","Production","331","Oil, cottonseed","1969","1969","tonnes","17600","Fc","Calculated data"
"QD","Crops processed","226","Uganda","5510","Production","331","Oil, cottonseed","1970","1970","tonnes","19341","Fc","Calculated data"
"QD","Crops processed","226","Uganda","5510","Production","331","Oil, cottonseed","1971","1971","tonnes","16733","Fc","Calculated data"
"QD","Crops processed","226","Uganda","5510","Production","331","Oil, cottonseed","1972","1972","tonnes","17178","Fc","Calculated data"
"QD","Crops processed","226","Uganda","5510","Production","331","Oil, cottonseed","1973","1973","tonnes","17579","Fc","Calculated data"
"QD","Crops processed","226","Uganda","5510","Production","331","Oil, cottonseed","1974","1974","tonnes","8181","Fc","Calculated data"
"QD","Crops processed","226","Uganda","5510","Production","331","Oil, cottonseed","1975","1975","tonnes","5385","Fc","Calculated data"
"QD","Crops processed","226","Uganda","5510","Production","331","Oil, cottonseed","1976","1976","tonnes","5429","Fc","Calculated data"
"QD","Crops processed","226","Uganda","5510","Production","331","Oil, cottonseed","1977","1977","tonnes","1897","Fc","Calculated data"
"QD","Crops processed","226","Uganda","5510","Production","331","Oil, cottonseed","1978","1978","tonnes","4332","Fc","Calculated data"
"QD","Crops processed","226","Uganda","5510","Production","331","Oil, cottonseed","1979","1979","tonnes","861","Fc","Calculated data"
"QD","Crops processed","226","Uganda","5510","Production","331","Oil, cottonseed","1980","1980","tonnes","791","Fc","Calculated data"
"QD","Crops processed","226","Uganda","5510","Production","331","Oil, cottonseed","1981","1981","tonnes","986","Fc","Calculated data"
"QD","Crops processed","226","Uganda","5510","Production","331","Oil, cottonseed","1982","1982","tonnes","939","Fc","Calculated data"
"QD","Crops processed","226","Uganda","5510","Production","331","Oil, cottonseed","1983","1983","tonnes","2109","Fc","Calculated data"
"QD","Crops processed","226","Uganda","5510","Production","331","Oil, cottonseed","1984","1984","tonnes","2628","Fc","Calculated data"
"QD","Crops processed","226","Uganda","5510","Production","331","Oil, cottonseed","1985","1985","tonnes","3708","Fc","Calculated data"
"QD","Crops processed","226","Uganda","5510","Production","331","Oil, cottonseed","1986","1986","tonnes","1992","Fc","Calculated data"
"QD","Crops processed","226","Uganda","5510","Production","331","Oil, cottonseed","1987","1987","tonnes","1287","Fc","Calculated data"
"QD","Crops processed","226","Uganda","5510","Production","331","Oil, cottonseed","1988","1988","tonnes","1054","Fc","Calculated data"
"QD","Crops processed","226","Uganda","5510","Production","331","Oil, cottonseed","1989","1989","tonnes","1094","Fc","Calculated data"
"QD","Crops processed","226","Uganda","5510","Production","331","Oil, cottonseed","1990","1990","tonnes","1226","Im","FAO data based on imputation methodology"
"QD","Crops processed","226","Uganda","5510","Production","331","Oil, cottonseed","1991","1991","tonnes","1742","Im","FAO data based on imputation methodology"
"QD","Crops processed","226","Uganda","5510","Production","331","Oil, cottonseed","1992","1992","tonnes","1378","Im","FAO data based on imputation methodology"
"QD","Crops processed","226","Uganda","5510","Production","331","Oil, cottonseed","1993","1993","tonnes","2640","Im","FAO data based on imputation methodology"
"QD","Crops processed","226","Uganda","5510","Production","331","Oil, cottonseed","1994","1994","tonnes","3013","Im","FAO data based on imputation methodology"
"QD","Crops processed","226","Uganda","5510","Production","331","Oil, cottonseed","1995","1995","tonnes","3011","Im","FAO data based on imputation methodology"
"QD","Crops processed","226","Uganda","5510","Production","331","Oil, cottonseed","1996","1996","tonnes","4188","Im","FAO data based on imputation methodology"
"QD","Crops processed","226","Uganda","5510","Production","331","Oil, cottonseed","1997","1997","tonnes","2697","Im","FAO data based on imputation methodology"
"QD","Crops processed","226","Uganda","5510","Production","331","Oil, cottonseed","1998","1998","tonnes","2910","Im","FAO data based on imputation methodology"
"QD","Crops processed","226","Uganda","5510","Production","331","Oil, cottonseed","1999","1999","tonnes","4597","Im","FAO data based on imputation methodology"
"QD","Crops processed","226","Uganda","5510","Production","331","Oil, cottonseed","2000","2000","tonnes","5411","Im","FAO data based on imputation methodology"
"QD","Crops processed","226","Uganda","5510","Production","331","Oil, cottonseed","2001","2001","tonnes","6600","*","Unofficial figure"
"QD","Crops processed","226","Uganda","5510","Production","331","Oil, cottonseed","2002","2002","tonnes","5500","*","Unofficial figure"
"QD","Crops processed","226","Uganda","5510","Production","331","Oil, cottonseed","2003","2003","tonnes","5700","*","Unofficial figure"
"QD","Crops processed","226","Uganda","5510","Production","331","Oil, cottonseed","2004","2004","tonnes","7700","*","Unofficial figure"
"QD","Crops processed","226","Uganda","5510","Production","331","Oil, cottonseed","2005","2005","tonnes","5400","F","FAO estimate"
"QD","Crops processed","226","Uganda","5510","Production","331","Oil, cottonseed","2006","2006","tonnes","7850","F","FAO estimate"
"QD","Crops processed","226","Uganda","5510","Production","331","Oil, cottonseed","2007","2007","tonnes","3030","F","FAO estimate"
"QD","Crops processed","226","Uganda","5510","Production","331","Oil, cottonseed","2008","2008","tonnes","7300","F","FAO estimate"
"QD","Crops processed","226","Uganda","5510","Production","331","Oil, cottonseed","2009","2009","tonnes","6400","*","Unofficial figure"
"QD","Crops processed","226","Uganda","5510","Production","331","Oil, cottonseed","2010","2010","tonnes","5000","*","Unofficial figure"
"QD","Crops processed","226","Uganda","5510","Production","331","Oil, cottonseed","2011","2011","tonnes","8100","*","Unofficial figure"
"QD","Crops processed","226","Uganda","5510","Production","331","Oil, cottonseed","2012","2012","tonnes","10900","*","Unofficial figure"
"QD","Crops processed","226","Uganda","5510","Production","331","Oil, cottonseed","2013","2013","tonnes","5500","*","Unofficial figure"
"QD","Crops processed","226","Uganda","5510","Production","331","Oil, cottonseed","2014","2014","tonnes","4000","*","Unofficial figure"
"QD","Crops processed","226","Uganda","5510","Production","244","Oil, groundnut","1961","1961","tonnes","4277","Fc","Calculated data"
"QD","Crops processed","226","Uganda","5510","Production","244","Oil, groundnut","1962","1962","tonnes","4562","Fc","Calculated data"
"QD","Crops processed","226","Uganda","5510","Production","244","Oil, groundnut","1963","1963","tonnes","4675","Fc","Calculated data"
"QD","Crops processed","226","Uganda","5510","Production","244","Oil, groundnut","1964","1964","tonnes","4564","Fc","Calculated data"
"QD","Crops processed","226","Uganda","5510","Production","244","Oil, groundnut","1965","1965","tonnes","4633","Fc","Calculated data"
"QD","Crops processed","226","Uganda","5510","Production","244","Oil, groundnut","1966","1966","tonnes","5346","Fc","Calculated data"
"QD","Crops processed","226","Uganda","5510","Production","244","Oil, groundnut","1967","1967","tonnes","5815","Fc","Calculated data"
"QD","Crops processed","226","Uganda","5510","Production","244","Oil, groundnut","1968","1968","tonnes","6273","Fc","Calculated data"
"QD","Crops processed","226","Uganda","5510","Production","244","Oil, groundnut","1969","1969","tonnes","7485","Fc","Calculated data"
"QD","Crops processed","226","Uganda","5510","Production","244","Oil, groundnut","1970","1970","tonnes","8703","Fc","Calculated data"
"QD","Crops processed","226","Uganda","5510","Production","244","Oil, groundnut","1971","1971","tonnes","8946","Fc","Calculated data"
"QD","Crops processed","226","Uganda","5510","Production","244","Oil, groundnut","1972","1972","tonnes","8336","Fc","Calculated data"
"QD","Crops processed","226","Uganda","5510","Production","244","Oil, groundnut","1973","1973","tonnes","7563","Fc","Calculated data"
"QD","Crops processed","226","Uganda","5510","Production","244","Oil, groundnut","1974","1974","tonnes","7117","Fc","Calculated data"
"QD","Crops processed","226","Uganda","5510","Production","244","Oil, groundnut","1975","1975","tonnes","6928","Fc","Calculated data"
"QD","Crops processed","226","Uganda","5510","Production","244","Oil, groundnut","1976","1976","tonnes","6305","Fc","Calculated data"
"QD","Crops processed","226","Uganda","5510","Production","244","Oil, groundnut","1977","1977","tonnes","6864","Fc","Calculated data"
"QD","Crops processed","226","Uganda","5510","Production","244","Oil, groundnut","1978","1978","tonnes","6672","Fc","Calculated data"
"QD","Crops processed","226","Uganda","5510","Production","244","Oil, groundnut","1979","1979","tonnes","2851","Fc","Calculated data"
"QD","Crops processed","226","Uganda","5510","Production","244","Oil, groundnut","1980","1980","tonnes","2495","Fc","Calculated data"
"QD","Crops processed","226","Uganda","5510","Production","244","Oil, groundnut","1981","1981","tonnes","3208","Fc","Calculated data"
"QD","Crops processed","226","Uganda","5510","Production","244","Oil, groundnut","1982","1982","tonnes","3208","Fc","Calculated data"
"QD","Crops processed","226","Uganda","5510","Production","244","Oil, groundnut","1983","1983","tonnes","3528","Fc","Calculated data"
"QD","Crops processed","226","Uganda","5510","Production","244","Oil, groundnut","1984","1984","tonnes","3635","Fc","Calculated data"
"QD","Crops processed","226","Uganda","5510","Production","244","Oil, groundnut","1985","1985","tonnes","3315","Fc","Calculated data"
"QD","Crops processed","226","Uganda","5510","Production","244","Oil, groundnut","1986","1986","tonnes","4206","Fc","Calculated data"
"QD","Crops processed","226","Uganda","5510","Production","244","Oil, groundnut","1987","1987","tonnes","4348","Fc","Calculated data"
"QD","Crops processed","226","Uganda","5510","Production","244","Oil, groundnut","1988","1988","tonnes","4776","Fc","Calculated data"
"QD","Crops processed","226","Uganda","5510","Production","244","Oil, groundnut","1989","1989","tonnes","5197","Fc","Calculated data"
"QD","Crops processed","226","Uganda","5510","Production","244","Oil, groundnut","1990","1990","tonnes","5631","Im","FAO data based on imputation methodology"
"QD","Crops processed","226","Uganda","5510","Production","244","Oil, groundnut","1991","1991","tonnes","5132","Im","FAO data based on imputation methodology"
"QD","Crops processed","226","Uganda","5510","Production","244","Oil, groundnut","1992","1992","tonnes","5239","Im","FAO data based on imputation methodology"
"QD","Crops processed","226","Uganda","5510","Production","244","Oil, groundnut","1993","1993","tonnes","5453","Im","FAO data based on imputation methodology"
"QD","Crops processed","226","Uganda","5510","Production","244","Oil, groundnut","1994","1994","tonnes","4980","Im","FAO data based on imputation methodology"
"QD","Crops processed","226","Uganda","5510","Production","244","Oil, groundnut","1995","1995","tonnes","5068","Im","FAO data based on imputation methodology"
"QD","Crops processed","226","Uganda","5510","Production","244","Oil, groundnut","1996","1996","tonnes","4453","Im","FAO data based on imputation methodology"
"QD","Crops processed","226","Uganda","5510","Production","244","Oil, groundnut","1997","1997","tonnes","4772","Im","FAO data based on imputation methodology"
"QD","Crops processed","226","Uganda","5510","Production","244","Oil, groundnut","1998","1998","tonnes","4973","Im","FAO data based on imputation methodology"
"QD","Crops processed","226","Uganda","5510","Production","244","Oil, groundnut","1999","1999","tonnes","4835","Im","FAO data based on imputation methodology"
"QD","Crops processed","226","Uganda","5510","Production","244","Oil, groundnut","2000","2000","tonnes","4950","Im","FAO data based on imputation methodology"
"QD","Crops processed","226","Uganda","5510","Production","244","Oil, groundnut","2001","2001","tonnes","1900","*","Unofficial figure"
"QD","Crops processed","226","Uganda","5510","Production","244","Oil, groundnut","2002","2002","tonnes","1900","*","Unofficial figure"
"QD","Crops processed","226","Uganda","5510","Production","244","Oil, groundnut","2003","2003","tonnes","1900","*","Unofficial figure"
"QD","Crops processed","226","Uganda","5510","Production","244","Oil, groundnut","2004","2004","tonnes","1700","*","Unofficial figure"
"QD","Crops processed","226","Uganda","5510","Production","244","Oil, groundnut","2005","2005","tonnes","3400","*","Unofficial figure"
"QD","Crops processed","226","Uganda","5510","Production","244","Oil, groundnut","2006","2006","tonnes","3700","*","Unofficial figure"
"QD","Crops processed","226","Uganda","5510","Production","244","Oil, groundnut","2007","2007","tonnes","3900","*","Unofficial figure"
"QD","Crops processed","226","Uganda","5510","Production","244","Oil, groundnut","2008","2008","tonnes","5900","*","Unofficial figure"
"QD","Crops processed","226","Uganda","5510","Production","244","Oil, groundnut","2009","2009","tonnes","7500","*","Unofficial figure"
"QD","Crops processed","226","Uganda","5510","Production","244","Oil, groundnut","2010","2010","tonnes","5600","*","Unofficial figure"
"QD","Crops processed","226","Uganda","5510","Production","244","Oil, groundnut","2011","2011","tonnes","5000","*","Unofficial figure"
"QD","Crops processed","226","Uganda","5510","Production","244","Oil, groundnut","2012","2012","tonnes","5400","*","Unofficial figure"
"QD","Crops processed","226","Uganda","5510","Production","244","Oil, groundnut","2013","2013","tonnes","5700","*","Unofficial figure"
"QD","Crops processed","226","Uganda","5510","Production","244","Oil, groundnut","2014","2014","tonnes","38000","*","Unofficial figure"
"QD","Crops processed","226","Uganda","5510","Production","290","Oil, sesame","1961","1961","tonnes","","M","Data not available"
"QD","Crops processed","226","Uganda","5510","Production","290","Oil, sesame","1962","1962","tonnes","","M","Data not available"
"QD","Crops processed","226","Uganda","5510","Production","290","Oil, sesame","1963","1963","tonnes","","M","Data not available"
"QD","Crops processed","226","Uganda","5510","Production","290","Oil, sesame","1964","1964","tonnes","","M","Data not available"
"QD","Crops processed","226","Uganda","5510","Production","290","Oil, sesame","1965","1965","tonnes","","M","Data not available"
"QD","Crops processed","226","Uganda","5510","Production","290","Oil, sesame","1966","1966","tonnes","","M","Data not available"
"QD","Crops processed","226","Uganda","5510","Production","290","Oil, sesame","1967","1967","tonnes","","M","Data not available"
"QD","Crops processed","226","Uganda","5510","Production","290","Oil, sesame","1968","1968","tonnes","","M","Data not available"
"QD","Crops processed","226","Uganda","5510","Production","290","Oil, sesame","1969","1969","tonnes","","M","Data not available"
"QD","Crops processed","226","Uganda","5510","Production","290","Oil, sesame","1970","1970","tonnes","","M","Data not available"
"QD","Crops processed","226","Uganda","5510","Production","290","Oil, sesame","1971","1971","tonnes","","M","Data not available"
"QD","Crops processed","226","Uganda","5510","Production","290","Oil, sesame","1972","1972","tonnes","","M","Data not available"
"QD","Crops processed","226","Uganda","5510","Production","290","Oil, sesame","1973","1973","tonnes","","M","Data not available"
"QD","Crops processed","226","Uganda","5510","Production","290","Oil, sesame","1974","1974","tonnes","","M","Data not available"
"QD","Crops processed","226","Uganda","5510","Production","290","Oil, sesame","1975","1975","tonnes","","M","Data not available"
"QD","Crops processed","226","Uganda","5510","Production","290","Oil, sesame","1976","1976","tonnes","","M","Data not available"
"QD","Crops processed","226","Uganda","5510","Production","290","Oil, sesame","1977","1977","tonnes","","M","Data not available"
"QD","Crops processed","226","Uganda","5510","Production","290","Oil, sesame","1978","1978","tonnes","","M","Data not available"
"QD","Crops processed","226","Uganda","5510","Production","290","Oil, sesame","1979","1979","tonnes","","M","Data not available"
"QD","Crops processed","226","Uganda","5510","Production","290","Oil, sesame","1980","1980","tonnes","","M","Data not available"
"QD","Crops processed","226","Uganda","5510","Production","290","Oil, sesame","1981","1981","tonnes","","M","Data not available"
"QD","Crops processed","226","Uganda","5510","Production","290","Oil, sesame","1982","1982","tonnes","","M","Data not available"
"QD","Crops processed","226","Uganda","5510","Production","290","Oil, sesame","1983","1983","tonnes","","M","Data not available"
"QD","Crops processed","226","Uganda","5510","Production","290","Oil, sesame","1984","1984","tonnes","","M","Data not available"
"QD","Crops processed","226","Uganda","5510","Production","290","Oil, sesame","1985","1985","tonnes","","M","Data not available"
"QD","Crops processed","226","Uganda","5510","Production","290","Oil, sesame","1986","1986","tonnes","","M","Data not available"
"QD","Crops processed","226","Uganda","5510","Production","290","Oil, sesame","1987","1987","tonnes","","M","Data not available"
"QD","Crops processed","226","Uganda","5510","Production","290","Oil, sesame","1988","1988","tonnes","","M","Data not available"
"QD","Crops processed","226","Uganda","5510","Production","290","Oil, sesame","1989","1989","tonnes","","M","Data not available"
"QD","Crops processed","226","Uganda","5510","Production","290","Oil, sesame","1990","1990","tonnes","11800","F","FAO estimate"
"QD","Crops processed","226","Uganda","5510","Production","290","Oil, sesame","1991","1991","tonnes","11700","F","FAO estimate"
"QD","Crops processed","226","Uganda","5510","Production","290","Oil, sesame","1992","1992","tonnes","13800","F","FAO estimate"
"QD","Crops processed","226","Uganda","5510","Production","290","Oil, sesame","1993","1993","tonnes","14300","F","FAO estimate"
"QD","Crops processed","226","Uganda","5510","Production","290","Oil, sesame","1994","1994","tonnes","13400","F","FAO estimate"
"QD","Crops processed","226","Uganda","5510","Production","290","Oil, sesame","1995","1995","tonnes","13600","*","Unofficial figure"
"QD","Crops processed","226","Uganda","5510","Production","290","Oil, sesame","1996","1996","tonnes","13900","*","Unofficial figure"
"QD","Crops processed","226","Uganda","5510","Production","290","Oil, sesame","1997","1997","tonnes","15600","*","Unofficial figure"
"QD","Crops processed","226","Uganda","5510","Production","290","Oil, sesame","1998","1998","tonnes","15800","*","Unofficial figure"
"QD","Crops processed","226","Uganda","5510","Production","290","Oil, sesame","1999","1999","tonnes","15400","*","Unofficial figure"
"QD","Crops processed","226","Uganda","5510","Production","290","Oil, sesame","2000","2000","tonnes","19400","*","Unofficial figure"
"QD","Crops processed","226","Uganda","5510","Production","290","Oil, sesame","2001","2001","tonnes","21000","*","Unofficial figure"
"QD","Crops processed","226","Uganda","5510","Production","290","Oil, sesame","2002","2002","tonnes","21900","*","Unofficial figure"
"QD","Crops processed","226","Uganda","5510","Production","290","Oil, sesame","2003","2003","tonnes","22800","*","Unofficial figure"
"QD","Crops processed","226","Uganda","5510","Production","290","Oil, sesame","2004","2004","tonnes","24200","*","Unofficial figure"
"QD","Crops processed","226","Uganda","5510","Production","290","Oil, sesame","2005","2005","tonnes","24100","*","Unofficial figure"
"QD","Crops processed","226","Uganda","5510","Production","290","Oil, sesame","2006","2006","tonnes","24600","*","Unofficial figure"
"QD","Crops processed","226","Uganda","5510","Production","290","Oil, sesame","2007","2007","tonnes","25800","*","Unofficial figure"
"QD","Crops processed","226","Uganda","5510","Production","290","Oil, sesame","2008","2008","tonnes","25800","*","Unofficial figure"
"QD","Crops processed","226","Uganda","5510","Production","290","Oil, sesame","2009","2009","tonnes","26500","*","Unofficial figure"
"QD","Crops processed","226","Uganda","5510","Production","290","Oil, sesame","2010","2010","tonnes","27700","*","Unofficial figure"
"QD","Crops processed","226","Uganda","5510","Production","290","Oil, sesame","2011","2011","tonnes","28800","*","Unofficial figure"
"QD","Crops processed","226","Uganda","5510","Production","290","Oil, sesame","2012","2012","tonnes","30700","*","Unofficial figure"
"QD","Crops processed","226","Uganda","5510","Production","290","Oil, sesame","2013","2013","tonnes","25600","*","Unofficial figure"
"QD","Crops processed","226","Uganda","5510","Production","290","Oil, sesame","2014","2014","tonnes","24600","*","Unofficial figure"
"QD","Crops processed","226","Uganda","5510","Production","237","Oil, soybean","1961","1961","tonnes","","M","Data not available"
"QD","Crops processed","226","Uganda","5510","Production","237","Oil, soybean","1962","1962","tonnes","","M","Data not available"
"QD","Crops processed","226","Uganda","5510","Production","237","Oil, soybean","1963","1963","tonnes","","M","Data not available"
"QD","Crops processed","226","Uganda","5510","Production","237","Oil, soybean","1964","1964","tonnes","","M","Data not available"
"QD","Crops processed","226","Uganda","5510","Production","237","Oil, soybean","1965","1965","tonnes","","M","Data not available"
"QD","Crops processed","226","Uganda","5510","Production","237","Oil, soybean","1966","1966","tonnes","","M","Data not available"
"QD","Crops processed","226","Uganda","5510","Production","237","Oil, soybean","1967","1967","tonnes","","M","Data not available"
"QD","Crops processed","226","Uganda","5510","Production","237","Oil, soybean","1968","1968","tonnes","","M","Data not available"
"QD","Crops processed","226","Uganda","5510","Production","237","Oil, soybean","1969","1969","tonnes","","M","Data not available"
"QD","Crops processed","226","Uganda","5510","Production","237","Oil, soybean","1970","1970","tonnes","","M","Data not available"
"QD","Crops processed","226","Uganda","5510","Production","237","Oil, soybean","1971","1971","tonnes","","M","Data not available"
"QD","Crops processed","226","Uganda","5510","Production","237","Oil, soybean","1972","1972","tonnes","","M","Data not available"
"QD","Crops processed","226","Uganda","5510","Production","237","Oil, soybean","1973","1973","tonnes","","M","Data not available"
"QD","Crops processed","226","Uganda","5510","Production","237","Oil, soybean","1974","1974","tonnes","","M","Data not available"
"QD","Crops processed","226","Uganda","5510","Production","237","Oil, soybean","1975","1975","tonnes","","M","Data not available"
"QD","Crops processed","226","Uganda","5510","Production","237","Oil, soybean","1976","1976","tonnes","","M","Data not available"
"QD","Crops processed","226","Uganda","5510","Production","237","Oil, soybean","1977","1977","tonnes","","M","Data not available"
"QD","Crops processed","226","Uganda","5510","Production","237","Oil, soybean","1978","1978","tonnes","","M","Data not available"
"QD","Crops processed","226","Uganda","5510","Production","237","Oil, soybean","1979","1979","tonnes","","M","Data not available"
"QD","Crops processed","226","Uganda","5510","Production","237","Oil, soybean","1980","1980","tonnes","","M","Data not available"
"QD","Crops processed","226","Uganda","5510","Production","237","Oil, soybean","1981","1981","tonnes","","M","Data not available"
"QD","Crops processed","226","Uganda","5510","Production","237","Oil, soybean","1982","1982","tonnes","","M","Data not available"
"QD","Crops processed","226","Uganda","5510","Production","237","Oil, soybean","1983","1983","tonnes","","M","Data not available"
"QD","Crops processed","226","Uganda","5510","Production","237","Oil, soybean","1984","1984","tonnes","","M","Data not available"
"QD","Crops processed","226","Uganda","5510","Production","237","Oil, soybean","1985","1985","tonnes","","M","Data not available"
"QD","Crops processed","226","Uganda","5510","Production","237","Oil, soybean","1986","1986","tonnes","","M","Data not available"
"QD","Crops processed","226","Uganda","5510","Production","237","Oil, soybean","1987","1987","tonnes","","M","Data not available"
"QD","Crops processed","226","Uganda","5510","Production","237","Oil, soybean","1988","1988","tonnes","","M","Data not available"
"QD","Crops processed","226","Uganda","5510","Production","237","Oil, soybean","1989","1989","tonnes","","M","Data not available"
"QD","Crops processed","226","Uganda","5510","Production","237","Oil, soybean","1990","1990","tonnes","3400","*","Unofficial figure"
"QD","Crops processed","226","Uganda","5510","Production","237","Oil, soybean","1991","1991","tonnes","7100","*","Unofficial figure"
"QD","Crops processed","226","Uganda","5510","Production","237","Oil, soybean","1992","1992","tonnes","9500","*","Unofficial figure"
"QD","Crops processed","226","Uganda","5510","Production","237","Oil, soybean","1993","1993","tonnes","9500","*","Unofficial figure"
"QD","Crops processed","226","Uganda","5510","Production","237","Oil, soybean","1994","1994","tonnes","11400","*","Unofficial figure"
"QD","Crops processed","226","Uganda","5510","Production","237","Oil, soybean","1995","1995","tonnes","12400","*","Unofficial figure"
"QD","Crops processed","226","Uganda","5510","Production","237","Oil, soybean","1996","1996","tonnes","12700","*","Unofficial figure"
"QD","Crops processed","226","Uganda","5510","Production","237","Oil, soybean","1997","1997","tonnes","12200","*","Unofficial figure"
"QD","Crops processed","226","Uganda","5510","Production","237","Oil, soybean","1998","1998","tonnes","11700","*","Unofficial figure"
"QD","Crops processed","226","Uganda","5510","Production","237","Oil, soybean","1999","1999","tonnes","11900","*","Unofficial figure"
"QD","Crops processed","226","Uganda","5510","Production","237","Oil, soybean","2000","2000","tonnes","13300","*","Unofficial figure"
"QD","Crops processed","226","Uganda","5510","Production","237","Oil, soybean","2001","2001","tonnes","16400","*","Unofficial figure"
"QD","Crops processed","226","Uganda","5510","Production","237","Oil, soybean","2002","2002","tonnes","20200","*","Unofficial figure"
"QD","Crops processed","226","Uganda","5510","Production","237","Oil, soybean","2003","2003","tonnes","23800","*","Unofficial figure"
"QD","Crops processed","226","Uganda","5510","Production","237","Oil, soybean","2004","2004","tonnes","24600","*","Unofficial figure"
"QD","Crops processed","226","Uganda","5510","Production","237","Oil, soybean","2005","2005","tonnes","21700","*","Unofficial figure"
"QD","Crops processed","226","Uganda","5510","Production","237","Oil, soybean","2006","2006","tonnes","22900","*","Unofficial figure"
"QD","Crops processed","226","Uganda","5510","Production","237","Oil, soybean","2007","2007","tonnes","21300","*","Unofficial figure"
"QD","Crops processed","226","Uganda","5510","Production","237","Oil, soybean","2008","2008","tonnes","23600","*","Unofficial figure"
"QD","Crops processed","226","Uganda","5510","Production","237","Oil, soybean","2009","2009","tonnes","25400","*","Unofficial figure"
"QD","Crops processed","226","Uganda","5510","Production","237","Oil, soybean","2010","2010","tonnes","25200","*","Unofficial figure"
"QD","Crops processed","226","Uganda","5510","Production","237","Oil, soybean","2011","2011","tonnes","25000","*","Unofficial figure"
"QD","Crops processed","226","Uganda","5510","Production","237","Oil, soybean","2012","2012","tonnes","25600","*","Unofficial figure"
"QD","Crops processed","226","Uganda","5510","Production","237","Oil, soybean","2013","2013","tonnes","26300","*","Unofficial figure"
"QD","Crops processed","226","Uganda","5510","Production","237","Oil, soybean","2014","2014","tonnes","27300","*","Unofficial figure"
"QD","Crops processed","226","Uganda","5510","Production","268","Oil, sunflower","1961","1961","tonnes","","M","Data not available"
"QD","Crops processed","226","Uganda","5510","Production","268","Oil, sunflower","1962","1962","tonnes","","M","Data not available"
"QD","Crops processed","226","Uganda","5510","Production","268","Oil, sunflower","1963","1963","tonnes","","M","Data not available"
"QD","Crops processed","226","Uganda","5510","Production","268","Oil, sunflower","1964","1964","tonnes","","M","Data not available"
"QD","Crops processed","226","Uganda","5510","Production","268","Oil, sunflower","1965","1965","tonnes","","M","Data not available"
"QD","Crops processed","226","Uganda","5510","Production","268","Oil, sunflower","1966","1966","tonnes","","M","Data not available"
"QD","Crops processed","226","Uganda","5510","Production","268","Oil, sunflower","1967","1967","tonnes","","M","Data not available"
"QD","Crops processed","226","Uganda","5510","Production","268","Oil, sunflower","1968","1968","tonnes","","M","Data not available"
"QD","Crops processed","226","Uganda","5510","Production","268","Oil, sunflower","1969","1969","tonnes","","M","Data not available"
"QD","Crops processed","226","Uganda","5510","Production","268","Oil, sunflower","1970","1970","tonnes","","M","Data not available"
"QD","Crops processed","226","Uganda","5510","Production","268","Oil, sunflower","1971","1971","tonnes","","M","Data not available"
"QD","Crops processed","226","Uganda","5510","Production","268","Oil, sunflower","1972","1972","tonnes","","M","Data not available"
"QD","Crops processed","226","Uganda","5510","Production","268","Oil, sunflower","1973","1973","tonnes","","M","Data not available"
"QD","Crops processed","226","Uganda","5510","Production","268","Oil, sunflower","1974","1974","tonnes","","M","Data not available"
"QD","Crops processed","226","Uganda","5510","Production","268","Oil, sunflower","1975","1975","tonnes","","M","Data not available"
"QD","Crops processed","226","Uganda","5510","Production","268","Oil, sunflower","1976","1976","tonnes","","M","Data not available"
"QD","Crops processed","226","Uganda","5510","Production","268","Oil, sunflower","1977","1977","tonnes","","M","Data not available"
"QD","Crops processed","226","Uganda","5510","Production","268","Oil, sunflower","1978","1978","tonnes","","M","Data not available"
"QD","Crops processed","226","Uganda","5510","Production","268","Oil, sunflower","1979","1979","tonnes","","M","Data not available"
"QD","Crops processed","226","Uganda","5510","Production","268","Oil, sunflower","1980","1980","tonnes","","M","Data not available"
"QD","Crops processed","226","Uganda","5510","Production","268","Oil, sunflower","1981","1981","tonnes","","M","Data not available"
"QD","Crops processed","226","Uganda","5510","Production","268","Oil, sunflower","1982","1982","tonnes","","M","Data not available"
"QD","Crops processed","226","Uganda","5510","Production","268","Oil, sunflower","1983","1983","tonnes","","M","Data not available"
"QD","Crops processed","226","Uganda","5510","Production","268","Oil, sunflower","1984","1984","tonnes","","M","Data not available"
"QD","Crops processed","226","Uganda","5510","Production","268","Oil, sunflower","1985","1985","tonnes","","M","Data not available"
"QD","Crops processed","226","Uganda","5510","Production","268","Oil, sunflower","1986","1986","tonnes","","M","Data not available"
"QD","Crops processed","226","Uganda","5510","Production","268","Oil, sunflower","1987","1987","tonnes","","M","Data not available"
"QD","Crops processed","226","Uganda","5510","Production","268","Oil, sunflower","1988","1988","tonnes","","M","Data not available"
"QD","Crops processed","226","Uganda","5510","Production","268","Oil, sunflower","1989","1989","tonnes","","M","Data not available"
"QD","Crops processed","226","Uganda","5510","Production","268","Oil, sunflower","1990","1990","tonnes","15900","F","FAO estimate"
"QD","Crops processed","226","Uganda","5510","Production","268","Oil, sunflower","1991","1991","tonnes","15900","F","FAO estimate"
"QD","Crops processed","226","Uganda","5510","Production","268","Oil, sunflower","1992","1992","tonnes","15900","F","FAO estimate"
"QD","Crops processed","226","Uganda","5510","Production","268","Oil, sunflower","1993","1993","tonnes","16300","F","FAO estimate"
"QD","Crops processed","226","Uganda","5510","Production","268","Oil, sunflower","1994","1994","tonnes","16300","F","FAO estimate"
"QD","Crops processed","226","Uganda","5510","Production","268","Oil, sunflower","1995","1995","tonnes","16600","F","FAO estimate"
"QD","Crops processed","226","Uganda","5510","Production","268","Oil, sunflower","1996","1996","tonnes","16600","F","FAO estimate"
"QD","Crops processed","226","Uganda","5510","Production","268","Oil, sunflower","1997","1997","tonnes","17000","F","FAO estimate"
"QD","Crops processed","226","Uganda","5510","Production","268","Oil, sunflower","1998","1998","tonnes","21000","F","FAO estimate"
"QD","Crops processed","226","Uganda","5510","Production","268","Oil, sunflower","1999","1999","tonnes","24000","F","FAO estimate"
"QD","Crops processed","226","Uganda","5510","Production","268","Oil, sunflower","2000","2000","tonnes","29200","F","FAO estimate"
"QD","Crops processed","226","Uganda","5510","Production","268","Oil, sunflower","2001","2001","tonnes","28900","*","Unofficial figure"
"QD","Crops processed","226","Uganda","5510","Production","268","Oil, sunflower","2002","2002","tonnes","39100","*","Unofficial figure"
"QD","Crops processed","226","Uganda","5510","Production","268","Oil, sunflower","2003","2003","tonnes","50100","*","Unofficial figure"
"QD","Crops processed","226","Uganda","5510","Production","268","Oil, sunflower","2004","2004","tonnes","59500","*","Unofficial figure"
"QD","Crops processed","226","Uganda","5510","Production","268","Oil, sunflower","2005","2005","tonnes","61100","*","Unofficial figure"
"QD","Crops processed","226","Uganda","5510","Production","268","Oil, sunflower","2006","2006","tonnes","63700","*","Unofficial figure"
"QD","Crops processed","226","Uganda","5510","Production","268","Oil, sunflower","2007","2007","tonnes","66400","*","Unofficial figure"
"QD","Crops processed","226","Uganda","5510","Production","268","Oil, sunflower","2008","2008","tonnes","71300","*","Unofficial figure"
"QD","Crops processed","226","Uganda","5510","Production","268","Oil, sunflower","2009","2009","tonnes","75800","*","Unofficial figure"
"QD","Crops processed","226","Uganda","5510","Production","268","Oil, sunflower","2010","2010","tonnes","83400","*","Unofficial figure"
"QD","Crops processed","226","Uganda","5510","Production","268","Oil, sunflower","2011","2011","tonnes","92200","*","Unofficial figure"
"QD","Crops processed","226","Uganda","5510","Production","268","Oil, sunflower","2012","2012","tonnes","87100","*","Unofficial figure"
"QD","Crops processed","226","Uganda","5510","Production","268","Oil, sunflower","2013","2013","tonnes","80300","*","Unofficial figure"
"QD","Crops processed","226","Uganda","5510","Production","268","Oil, sunflower","2014","2014","tonnes","83000","*","Unofficial figure"
"QD","Crops processed","226","Uganda","5510","Production","162","Sugar Raw Centrifugal","1961","1961","tonnes","107000","","Official data"
"QD","Crops processed","226","Uganda","5510","Production","162","Sugar Raw Centrifugal","1962","1962","tonnes","115000","","Official data"
"QD","Crops processed","226","Uganda","5510","Production","162","Sugar Raw Centrifugal","1963","1963","tonnes","135000","","Official data"
"QD","Crops processed","226","Uganda","5510","Production","162","Sugar Raw Centrifugal","1964","1964","tonnes","137000","","Official data"
"QD","Crops processed","226","Uganda","5510","Production","162","Sugar Raw Centrifugal","1965","1965","tonnes","129000","","Official data"
"QD","Crops processed","226","Uganda","5510","Production","162","Sugar Raw Centrifugal","1966","1966","tonnes","140000","","Official data"
"QD","Crops processed","226","Uganda","5510","Production","162","Sugar Raw Centrifugal","1967","1967","tonnes","149000","","Official data"
"QD","Crops processed","226","Uganda","5510","Production","162","Sugar Raw Centrifugal","1968","1968","tonnes","166000","","Official data"
"QD","Crops processed","226","Uganda","5510","Production","162","Sugar Raw Centrifugal","1969","1969","tonnes","154000","","Official data"
"QD","Crops processed","226","Uganda","5510","Production","162","Sugar Raw Centrifugal","1970","1970","tonnes","144000","","Official data"
"QD","Crops processed","226","Uganda","5510","Production","162","Sugar Raw Centrifugal","1971","1971","tonnes","141300","","Official data"
"QD","Crops processed","226","Uganda","5510","Production","162","Sugar Raw Centrifugal","1972","1972","tonnes","121400","","Official data"
"QD","Crops processed","226","Uganda","5510","Production","162","Sugar Raw Centrifugal","1973","1973","tonnes","68600","","Official data"
"QD","Crops processed","226","Uganda","5510","Production","162","Sugar Raw Centrifugal","1974","1974","tonnes","40500","","Official data"
"QD","Crops processed","226","Uganda","5510","Production","162","Sugar Raw Centrifugal","1975","1975","tonnes","23900","","Official data"
"QD","Crops processed","226","Uganda","5510","Production","162","Sugar Raw Centrifugal","1976","1976","tonnes","18200","","Official data"
"QD","Crops processed","226","Uganda","5510","Production","162","Sugar Raw Centrifugal","1977","1977","tonnes","11400","","Official data"
"QD","Crops processed","226","Uganda","5510","Production","162","Sugar Raw Centrifugal","1978","1978","tonnes","8000","","Official data"
"QD","Crops processed","226","Uganda","5510","Production","162","Sugar Raw Centrifugal","1979","1979","tonnes","5200","","Official data"
"QD","Crops processed","226","Uganda","5510","Production","162","Sugar Raw Centrifugal","1980","1980","tonnes","4300","","Official data"
"QD","Crops processed","226","Uganda","5510","Production","162","Sugar Raw Centrifugal","1981","1981","tonnes","3800","","Official data"
"QD","Crops processed","226","Uganda","5510","Production","162","Sugar Raw Centrifugal","1982","1982","tonnes","3300","","Official data"
"QD","Crops processed","226","Uganda","5510","Production","162","Sugar Raw Centrifugal","1983","1983","tonnes","3100","","Official data"
"QD","Crops processed","226","Uganda","5510","Production","162","Sugar Raw Centrifugal","1984","1984","tonnes","2400","","Official data"
"QD","Crops processed","226","Uganda","5510","Production","162","Sugar Raw Centrifugal","1985","1985","tonnes","6000","*","Unofficial figure"
"QD","Crops processed","226","Uganda","5510","Production","162","Sugar Raw Centrifugal","1986","1986","tonnes","5000","*","Unofficial figure"
"QD","Crops processed","226","Uganda","5510","Production","162","Sugar Raw Centrifugal","1987","1987","tonnes","5000","*","Unofficial figure"
"QD","Crops processed","226","Uganda","5510","Production","162","Sugar Raw Centrifugal","1988","1988","tonnes","7534","","Official data"
"QD","Crops processed","226","Uganda","5510","Production","162","Sugar Raw Centrifugal","1989","1989","tonnes","15859","","Official data"
"QD","Crops processed","226","Uganda","5510","Production","162","Sugar Raw Centrifugal","1990","1990","tonnes","28913","","Official data"
"QD","Crops processed","226","Uganda","5510","Production","162","Sugar Raw Centrifugal","1991","1991","tonnes","46000","*","Unofficial figure"
"QD","Crops processed","226","Uganda","5510","Production","162","Sugar Raw Centrifugal","1992","1992","tonnes","58000","*","Unofficial figure"
"QD","Crops processed","226","Uganda","5510","Production","162","Sugar Raw Centrifugal","1993","1993","tonnes","54000","*","Unofficial figure"
"QD","Crops processed","226","Uganda","5510","Production","162","Sugar Raw Centrifugal","1994","1994","tonnes","48000","*","Unofficial figure"
"QD","Crops processed","226","Uganda","5510","Production","162","Sugar Raw Centrifugal","1995","1995","tonnes","76000","*","Unofficial figure"
"QD","Crops processed","226","Uganda","5510","Production","162","Sugar Raw Centrifugal","1996","1996","tonnes","109000","*","Unofficial figure"
"QD","Crops processed","226","Uganda","5510","Production","162","Sugar Raw Centrifugal","1997","1997","tonnes","120000","*","Unofficial figure"
"QD","Crops processed","226","Uganda","5510","Production","162","Sugar Raw Centrifugal","1998","1998","tonnes","102527","*","Unofficial figure"
"QD","Crops processed","226","Uganda","5510","Production","162","Sugar Raw Centrifugal","1999","1999","tonnes","126182","*","Unofficial figure"
"QD","Crops processed","226","Uganda","5510","Production","162","Sugar Raw Centrifugal","2000","2000","tonnes","136950","*","Unofficial figure"
"QD","Crops processed","226","Uganda","5510","Production","162","Sugar Raw Centrifugal","2001","2001","tonnes","133980","*","Unofficial figure"
"QD","Crops processed","226","Uganda","5510","Production","162","Sugar Raw Centrifugal","2002","2002","tonnes","165963","*","Unofficial figure"
"QD","Crops processed","226","Uganda","5510","Production","162","Sugar Raw Centrifugal","2003","2003","tonnes","176674","*","Unofficial figure"
"QD","Crops processed","226","Uganda","5510","Production","162","Sugar Raw Centrifugal","2004","2004","tonnes","213178","*","Unofficial figure"
"QD","Crops processed","226","Uganda","5510","Production","162","Sugar Raw Centrifugal","2005","2005","tonnes","210582","*","Unofficial figure"
"QD","Crops processed","226","Uganda","5510","Production","162","Sugar Raw Centrifugal","2006","2006","tonnes","207894","*","Unofficial figure"
"QD","Crops processed","226","Uganda","5510","Production","162","Sugar Raw Centrifugal","2007","2007","tonnes","197293","*","Unofficial figure"
"QD","Crops processed","226","Uganda","5510","Production","162","Sugar Raw Centrifugal","2008","2008","tonnes","238322","*","Unofficial figure"
"QD","Crops processed","226","Uganda","5510","Production","162","Sugar Raw Centrifugal","2009","2009","tonnes","287390","*","Unofficial figure"
"QD","Crops processed","226","Uganda","5510","Production","162","Sugar Raw Centrifugal","2010","2010","tonnes","297052","*","Unofficial figure"
"QD","Crops processed","226","Uganda","5510","Production","162","Sugar Raw Centrifugal","2011","2011","tonnes","259408","*","Unofficial figure"
"QD","Crops processed","226","Uganda","5510","Production","162","Sugar Raw Centrifugal","2012","2012","tonnes","290232","*","Unofficial figure"
"QD","Crops processed","226","Uganda","5510","Production","162","Sugar Raw Centrifugal","2013","2013","tonnes","360040","*","Unofficial figure"
"QD","Crops processed","226","Uganda","5510","Production","162","Sugar Raw Centrifugal","2014","2014","tonnes","360040","Im","FAO data based on imputation methodology"
